[{"id":"6281916849086@s.whatsapp.net","xp":0,"level":1},{"id":"62895705500701@s.whatsapp.net","xp":0,"level":1},{"id":"6281325577932@s.whatsapp.net","xp":0,"level":1},{"id":"628557272303@s.whatsapp.net","xp":0,"level":1},{"id":"6288286421519@s.whatsapp.net","xp":0,"level":1},{"id":"6285341830244@s.whatsapp.net","xp":0,"level":1},{"id":"6285326800883@s.whatsapp.net","xp":0,"level":1},{"id":"6285231400361@s.whatsapp.net","xp":0,"level":1},{"id":"6283125760716@s.whatsapp.net","xp":0,"level":1},{"id":"6281527769610@s.whatsapp.net","xp":0,"level":1},{"id":"6289630171792@s.whatsapp.net","xp":0,"level":1},{"id":"6285693398307@s.whatsapp.net","xp":0,"level":1},{"id":"6285333831716@s.whatsapp.net","xp":0,"level":1},{"id":"6285607935385@s.whatsapp.net","xp":0,"level":1},{"id":"6285283427860@s.whatsapp.net","xp":0,"level":1},{"id":"6289655005151@s.whatsapp.net","xp":0,"level":1},{"id":"6289505368040@s.whatsapp.net","xp":0,"level":1},{"id":"6281228140607@s.whatsapp.net","xp":0,"level":1},{"id":"6283141727903@s.whatsapp.net","xp":0,"level":1},{"id":"62895604315342@s.whatsapp.net","xp":0,"level":1},{"id":"6285294376707@s.whatsapp.net","xp":0,"level":1},{"id":"6281368688639@s.whatsapp.net","xp":0,"level":1},{"id":"6282312138087@s.whatsapp.net","xp":0,"level":1},{"id":"6288223839569@s.whatsapp.net","xp":0,"level":1},{"id":"6281299110268@s.whatsapp.net","xp":0,"level":1},{"id":"","xp":0,"level":1},{"id":"628986640039@s.whatsapp.net","xp":0,"level":1},{"id":"6281241405996@s.whatsapp.net","xp":0,"level":1},{"id":"62895327427864@s.whatsapp.net","xp":0,"level":1},{"id":"6285647312051@s.whatsapp.net","xp":0,"level":1},{"id":"6289623090597@s.whatsapp.net","xp":0,"level":1},{"id":"62895365913507@s.whatsapp.net","xp":0,"level":1},{"id":"6282120314239@s.whatsapp.net","xp":0,"level":1},{"id":"6289518833996@s.whatsapp.net","xp":0,"level":1},{"id":"6282213158496@s.whatsapp.net","xp":0,"level":1},{"id":"6285156942658@s.whatsapp.net","xp":0,"level":1},{"id":"6288279575513@s.whatsapp.net","xp":0,"level":1},{"id":"6285718366706@s.whatsapp.net","xp":0,"level":1},{"id":"6289630598639@s.whatsapp.net","xp":0,"level":1},{"id":"62853535697155@s.whatsapp.net","xp":0,"level":1},{"id":"6289652853524@s.whatsapp.net","xp":0,"level":1},{"id":"62895619083555@s.whatsapp.net","xp":0,"level":1},{"id":"628882517593@s.whatsapp.net","xp":0,"level":1},{"id":"62895345601515@s.whatsapp.net","xp":0,"level":1},{"id":"6285607276967@s.whatsapp.net","xp":0,"level":1},{"id":"6283109642330@s.whatsapp.net","xp":0,"level":1},{"id":"687929263@s.whatsapp.net","xp":0,"level":1},{"id":"6289651896668@s.whatsapp.net","xp":0,"level":1},{"id":"62895611169788@s.whatsapp.net","xp":0,"level":1},{"id":"6281356310262@s.whatsapp.net","xp":0,"level":1},{"id":"6285784453253@s.whatsapp.net","xp":0,"level":1},{"id":"6282124790001@s.whatsapp.net","xp":0,"level":1},{"id":"6285904446460@s.whatsapp.net","xp":0,"level":1},{"id":"6287756662393@s.whatsapp.net","xp":0,"level":1},{"id":"62882003388574@s.whatsapp.net","xp":0,"level":1},{"id":"6283848327985@s.whatsapp.net","xp":0,"level":1},{"id":"12138068026@s.whatsapp.net","xp":0,"level":1},{"id":"6288224859350@s.whatsapp.net","xp":0,"level":1},{"id":"6287705048235@s.whatsapp.net","xp":0,"level":1},{"id":"6282341686652@s.whatsapp.net","xp":0,"level":1},{"id":"6283152753417@s.whatsapp.net","xp":0,"level":1},{"id":"6288804112783@s.whatsapp.net","xp":0,"level":1},{"id":"6288290236396@s.whatsapp.net","xp":0,"level":1},{"id":"6288292024190@s.whatsapp.net","xp":0,"level":1},{"id":"6282118313354@s.whatsapp.net","xp":0,"level":1},{"id":"62881022425641@s.whatsapp.net","xp":0,"level":1},{"id":"62812151994471@s.whatsapp.net","xp":0,"level":1},{"id":"6289649480997@s.whatsapp.net","xp":0,"level":1},{"id":"6282253449150@s.whatsapp.net","xp":0,"level":1},{"id":"6288215292534@s.whatsapp.net","xp":0,"level":1},{"id":"6282126046864@s.whatsapp.net","xp":0,"level":1},{"id":"6281278895286@s.whatsapp.net","xp":0,"level":1},{"id":"62895601046467@s.whatsapp.net","xp":0,"level":1},{"id":"6287888777773@s.whatsapp.net","xp":0,"level":1},{"id":"628127668234@s.whatsapp.net","xp":0,"level":1},{"id":"6287779309880@s.whatsapp.net","xp":0,"level":1},{"id":"628998637013@s.whatsapp.net","xp":0,"level":1},{"id":"62896393448227@s.whatsapp.net","xp":0,"level":1},{"id":"6285704682918@s.whatsapp.net","xp":0,"level":1},{"id":"6289682309166@s.whatsapp.net","xp":0,"level":1},{"id":"6287774056783@s.whatsapp.net","xp":0,"level":1},{"id":"6282350563720@s.whatsapp.net","xp":0,"level":1},{"id":"6289628226352@s.whatsapp.net","xp":0,"level":1},{"id":"17864800655@s.whatsapp.net","xp":0,"level":1},{"id":"6285258805392@s.whatsapp.net","xp":0,"level":1},{"id":"6288218766573@s.whatsapp.net","xp":0,"level":1},{"id":"6287773310249@s.whatsapp.net","xp":0,"level":1},{"id":"6285870300160@s.whatsapp.net","xp":0,"level":1},{"id":"6285604774740@s.whatsapp.net","xp":0,"level":1},{"id":"6282233421465@s.whatsapp.net","xp":0,"level":1},{"id":"6281241077045@s.whatsapp.net","xp":0,"level":1},{"id":"6285215319934@s.whatsapp.net","xp":0,"level":1},{"id":"6289652903288@s.whatsapp.net","xp":0,"level":1},{"id":"6285157226383@s.whatsapp.net","xp":0,"level":1},{"id":"6285714170944@s.whatsapp.net","xp":0,"level":1},{"id":"6289531425034@s.whatsapp.net","xp":0,"level":1},{"id":"6282140744548@s.whatsapp.net","xp":0,"level":1},{"id":"62895357313000@s.whatsapp.net","xp":0,"level":1},{"id":"6287811078485@s.whatsapp.net","xp":0,"level":1},{"id":"6283856237829@s.whatsapp.net","xp":0,"level":1},{"id":"6288235481775@s.whatsapp.net","xp":0,"level":1},{"id":"6283872285846@s.whatsapp.net","xp":0,"level":1},{"id":"6283108164709@s.whatsapp.net","xp":0,"level":1},{"id":"62857723064802@s.whatsapp.net","xp":0,"level":1},{"id":"628983583288@s.whatsapp.net","xp":0,"level":1},{"id":"62853535697150@s.whatsapp.net","xp":0,"level":1},{"id":"6285335144197@s.whatsapp.net","xp":0,"level":1},{"id":"6289636957232@s.whatsapp.net","xp":0,"level":1},{"id":"6281804680327@s.whatsapp.net","xp":0,"level":1},{"id":"17147509883@s.whatsapp.net","xp":0,"level":1},{"id":"6282261210663@s.whatsapp.net","xp":0,"level":1},{"id":"6285876330812@s.whatsapp.net","xp":0,"level":1},{"id":"62895622955527@s.whatsapp.net","xp":0,"level":1},{"id":"14423774295@s.whatsapp.net","xp":0,"level":1},{"id":"6285751056816@s.whatsapp.net","xp":0,"level":1},{"id":"6285654204893@s.whatsapp.net","xp":0,"level":1},{"id":"50377257600@s.whatsapp.net","xp":0,"level":1},{"id":"628812904283@s.whatsapp.net","xp":0,"level":1},{"id":"17143123470@s.whatsapp.net","xp":0,"level":1},{"id":"6281903153426@s.whatsapp.net","xp":0,"level":1},{"id":"62895806410641@s.whatsapp.net","xp":0,"level":1},{"id":"6289517356370@s.whatsapp.net","xp":0,"level":1},{"id":"6281575647615@s.whatsapp.net","xp":0,"level":1},{"id":"628895163540@s.whatsapp.net","xp":0,"level":1},{"id":"6289524664142@s.whatsapp.net","xp":0,"level":1},{"id":"6289677442660@s.whatsapp.net","xp":0,"level":1},{"id":"6285721806180@s.whatsapp.net","xp":0,"level":1},{"id":"6285777451314@s.whatsapp.net","xp":0,"level":1},{"id":"6283843906472@s.whatsapp.net","xp":0,"level":1},{"id":"994409564267@s.whatsapp.net","xp":0,"level":1},{"id":"85291734902@s.whatsapp.net","xp":0,"level":1},{"id":"6285283306668@s.whatsapp.net","xp":0,"level":1},{"id":"6285809163325@s.whatsapp.net","xp":0,"level":1},{"id":"6285388781918@s.whatsapp.net","xp":0,"level":1},{"id":"6285221247190@s.whatsapp.net","xp":0,"level":1},{"id":"6285755328310@s.whatsapp.net","xp":0,"level":1},{"id":"6281333782061@s.whatsapp.net","xp":0,"level":1},{"id":"6282245731529@s.whatsapp.net","xp":0,"level":1},{"id":"6285693509118@s.whatsapp.net","xp":0,"level":1},{"id":"6282288670959@s.whatsapp.net","xp":0,"level":1},{"id":"6282226150556@s.whatsapp.net","xp":0,"level":1},{"id":"62895601851700@s.whatsapp.net","xp":0,"level":1},{"id":"6289673135877@s.whatsapp.net","xp":0,"level":1},{"id":"15108067050@s.whatsapp.net","xp":0,"level":1},{"id":"6281398569371@s.whatsapp.net","xp":0,"level":1},{"id":"6283874687095@s.whatsapp.net","xp":0,"level":1},{"id":"6289676791106@s.whatsapp.net","xp":0,"level":1},{"id":"6285217718260@s.whatsapp.net","xp":0,"level":1},{"id":"62882005093348@s.whatsapp.net","xp":0,"level":1},{"id":"62895397256228@s.whatsapp.net","xp":0,"level":1},{"id":"6287856053716@s.whatsapp.net","xp":0,"level":1},{"id":"6281251319803@s.whatsapp.net","xp":0,"level":1},{"id":"62812788952863@s.whatsapp.net","xp":0,"level":1},{"id":"447451201182@s.whatsapp.net","xp":0,"level":1},{"id":"6289504585790@s.whatsapp.net","xp":0,"level":1},{"id":"62822980698995@s.whatsapp.net","xp":0,"level":1},{"id":"6289512210099@s.whatsapp.net","xp":0,"level":1},{"id":"6285692257993@s.whatsapp.net","xp":0,"level":1},{"id":"6289630274378@s.whatsapp.net","xp":0,"level":1},{"id":"6283122163016@s.whatsapp.net","xp":0,"level":1},{"id":"6283802067035@s.whatsapp.net","xp":0,"level":1},{"id":"6287739665317@s.whatsapp.net","xp":0,"level":1},{"id":"62822980698992@s.whatsapp.net","xp":0,"level":1},{"id":"6282143693807@s.whatsapp.net","xp":0,"level":1},{"id":"628819028382@s.whatsapp.net","xp":0,"level":1},{"id":"6283133913626@s.whatsapp.net","xp":0,"level":1},{"id":"6285797939120@s.whatsapp.net","xp":0,"level":1},{"id":"6285703032176@s.whatsapp.net","xp":0,"level":1},{"id":"6283803320107@s.whatsapp.net","xp":0,"level":1},{"id":"6283195036268@s.whatsapp.net","xp":0,"level":1},{"id":"6282217590187@s.whatsapp.net","xp":0,"level":1},{"id":"6285880302598@s.whatsapp.net","xp":0,"level":1},{"id":"6285275572683@s.whatsapp.net","xp":0,"level":1},{"id":"62812788952865@s.whatsapp.net","xp":0,"level":1},{"id":"6282313549797@s.whatsapp.net","xp":0,"level":1},{"id":"6283817170212@s.whatsapp.net","xp":0,"level":1},{"id":"6289514372125@s.whatsapp.net","xp":0,"level":1},{"id":"6287806923281@s.whatsapp.net","xp":0,"level":1},{"id":"6285706514745@s.whatsapp.net","xp":0,"level":1},{"id":"62895607570800@s.whatsapp.net","xp":0,"level":1},{"id":"628819814213@s.whatsapp.net","xp":0,"level":1},{"id":"6281351359949@s.whatsapp.net","xp":0,"level":1},{"id":"6287863200063@s.whatsapp.net","xp":0,"level":1},{"id":"6283177178828@s.whatsapp.net","xp":0,"level":1},{"id":"6283169814913@s.whatsapp.net","xp":0,"level":1},{"id":"6285961165739@s.whatsapp.net","xp":0,"level":1},{"id":"6285891183309@s.whatsapp.net","xp":0,"level":1},{"id":"6285799850519@s.whatsapp.net","xp":0,"level":1},{"id":"6285158549166@s.whatsapp.net","xp":0,"level":1},{"id":"6282213984994@s.whatsapp.net","xp":0,"level":1},{"id":"6283117944072@s.whatsapp.net","xp":0,"level":1},{"id":"6281219966271@s.whatsapp.net","xp":0,"level":1},{"id":"6282116916483@s.whatsapp.net","xp":0,"level":1},{"id":"6289636634511@s.whatsapp.net","xp":0,"level":1},{"id":"6287778954853@s.whatsapp.net","xp":0,"level":1},{"id":"6281390619418@s.whatsapp.net","xp":0,"level":1},{"id":"6281217445262@s.whatsapp.net","xp":0,"level":1},{"id":"62895803210205@s.whatsapp.net","xp":0,"level":1},{"id":"6282193090157@s.whatsapp.net","xp":0,"level":1},{"id":"6282294812229@s.whatsapp.net","xp":0,"level":1},{"id":"6285808482721@s.whatsapp.net","xp":0,"level":1},{"id":"6289603093961@s.whatsapp.net","xp":0,"level":1},{"id":"6283894332834@s.whatsapp.net","xp":0,"level":1},{"id":"6285850960628@s.whatsapp.net","xp":0,"level":1},{"id":"6285263684468@s.whatsapp.net","xp":0,"level":1},{"id":"6281365725593@s.whatsapp.net","xp":0,"level":1},{"id":"62858490795131@s.whatsapp.net","xp":0,"level":1},{"id":"6281342441318@s.whatsapp.net","xp":0,"level":1},{"id":"6289515901958@s.whatsapp.net","xp":0,"level":1},{"id":"6285866295942@s.whatsapp.net","xp":0,"level":1},{"id":"6288268036224@s.whatsapp.net","xp":0,"level":1},{"id":"6288286460606@s.whatsapp.net","xp":0,"level":1},{"id":"6285367278531@s.whatsapp.net","xp":0,"level":1},{"id":"6285921061354@s.whatsapp.net","xp":0,"level":1},{"id":"6283821710958@s.whatsapp.net","xp":0,"level":1},{"id":"6282146420461@s.whatsapp.net","xp":0,"level":1},{"id":"919567997462@s.whatsapp.net","xp":0,"level":1},{"id":"6283177416775@s.whatsapp.net","xp":0,"level":1},{"id":"6283148446051@s.whatsapp.net","xp":0,"level":1},{"id":"6285704251480@s.whatsapp.net","xp":0,"level":1},{"id":"6283102859439@s.whatsapp.net","xp":0,"level":1},{"id":"6289524109664@s.whatsapp.net","xp":0,"level":1},{"id":"62881025357569@s.whatsapp.net","xp":0,"level":1},{"id":"6287820239077@s.whatsapp.net","xp":0,"level":1},{"id":"628979186145@s.whatsapp.net","xp":0,"level":1},{"id":"6282141447886@s.whatsapp.net","xp":0,"level":1},{"id":"6285559240360@s.whatsapp.net","xp":0,"level":1},{"id":"94767043432@s.whatsapp.net","xp":0,"level":1},{"id":"6288210864298@s.whatsapp.net","xp":0,"level":1},{"id":"48699521167@s.whatsapp.net","xp":0,"level":1},{"id":"62882003679304@s.whatsapp.net","xp":0,"level":1},{"id":"601160558543@s.whatsapp.net","xp":0,"level":1},{"id":"6282188065933@s.whatsapp.net","xp":0,"level":1},{"id":"6281770761310@s.whatsapp.net","xp":0,"level":1},{"id":"6283140284184@s.whatsapp.net","xp":0,"level":1},{"id":"6285655429062@s.whatsapp.net","xp":0,"level":1},{"id":"6282139909982@s.whatsapp.net","xp":0,"level":1},{"id":"6285232568054@s.whatsapp.net","xp":0,"level":1},{"id":"60175775653@s.whatsapp.net","xp":0,"level":1},{"id":"6282273258211@s.whatsapp.net","xp":0,"level":1},{"id":"6287740145795@s.whatsapp.net","xp":0,"level":1},{"id":"6283147687408@s.whatsapp.net","xp":0,"level":1},{"id":"6285945300923@s.whatsapp.net","xp":0,"level":1},{"id":"6283199212904@s.whatsapp.net","xp":0,"level":1},{"id":"6287865878747@s.whatsapp.net","xp":0,"level":1},{"id":"6283145301530@s.whatsapp.net","xp":0,"level":1},{"id":"6281905473135@s.whatsapp.net","xp":0,"level":1},{"id":"15106034161@s.whatsapp.net","xp":0,"level":1},{"id":"6289527619507@s.whatsapp.net","xp":0,"level":1},{"id":"6285891069728@s.whatsapp.net","xp":0,"level":1},{"id":"6282331352342@s.whatsapp.net","xp":0,"level":1},{"id":"994402245101@s.whatsapp.net","xp":0,"level":1},{"id":"6285712372356@s.whatsapp.net","xp":0,"level":1},{"id":"5511942822457@s.whatsapp.net","xp":0,"level":1},{"id":"6285709546647@s.whatsapp.net","xp":0,"level":1},{"id":"6289602213818@s.whatsapp.net","xp":0,"level":1},{"id":"6289617554095@s.whatsapp.net","xp":0,"level":1},{"id":"60163630542@s.whatsapp.net","xp":0,"level":1},{"id":"77771440506@s.whatsapp.net","xp":0,"level":1},{"id":"12342086155@s.whatsapp.net","xp":0,"level":1},{"id":"62895414533737@s.whatsapp.net","xp":0,"level":1},{"id":"6285849476142@s.whatsapp.net","xp":0,"level":1},{"id":"6289516108557@s.whatsapp.net","xp":0,"level":1},{"id":"6283862673603@s.whatsapp.net","xp":0,"level":1},{"id":"6285609206681@s.whatsapp.net","xp":0,"level":1},{"id":"263718189791@s.whatsapp.net","xp":0,"level":1},{"id":"19898889001@s.whatsapp.net","xp":0,"level":1},{"id":"62895636363436@s.whatsapp.net","xp":0,"level":1},{"id":"6282163704495@s.whatsapp.net","xp":0,"level":1},{"id":"13186666691@s.whatsapp.net","xp":0,"level":1},{"id":"60175745776@s.whatsapp.net","xp":0,"level":1},{"id":"60194143494@s.whatsapp.net","xp":0,"level":1},{"id":"6281549321974@s.whatsapp.net","xp":0,"level":1},{"id":"60135779124@s.whatsapp.net","xp":0,"level":1},{"id":"6282393157713@s.whatsapp.net","xp":0,"level":1},{"id":"60169246105@s.whatsapp.net","xp":0,"level":1},{"id":"62895365942992@s.whatsapp.net","xp":0,"level":1},{"id":"6281802553586@s.whatsapp.net","xp":0,"level":1},{"id":"6283132309220@s.whatsapp.net","xp":0,"level":1},{"id":"6281567992210@s.whatsapp.net","xp":0,"level":1},{"id":"6281218159386@s.whatsapp.net","xp":0,"level":1},{"id":"33753045534@s.whatsapp.net","xp":0,"level":1},{"id":"6288219435748@s.whatsapp.net","xp":0,"level":1},{"id":"6282255850617@s.whatsapp.net","xp":0,"level":1},{"id":"601157467662@s.whatsapp.net","xp":0,"level":1},{"id":"62895706596838@s.whatsapp.net","xp":0,"level":1},{"id":"6282129293832@s.whatsapp.net","xp":0,"level":1},{"id":"6281262169026@s.whatsapp.net","xp":0,"level":1},{"id":"6282215699725@s.whatsapp.net","xp":0,"level":1},{"id":"6282290201001@s.whatsapp.net","xp":0,"level":1},{"id":"6281321246942@s.whatsapp.net","xp":0,"level":1},{"id":"6289637888099@s.whatsapp.net","xp":0,"level":1},{"id":"6285719795178@s.whatsapp.net","xp":0,"level":1},{"id":"6285602837347@s.whatsapp.net","xp":0,"level":1},{"id":"6283879021018@s.whatsapp.net","xp":0,"level":1},{"id":"62838626736033@s.whatsapp.net","xp":0,"level":1},{"id":"6289531221685@s.whatsapp.net","xp":0,"level":1},{"id":"6281398067458@s.whatsapp.net","xp":0,"level":1},{"id":"6285158924773@s.whatsapp.net","xp":0,"level":1},{"id":"6285334068846@s.whatsapp.net","xp":0,"level":1},{"id":"6285926431562@s.whatsapp.net","xp":0,"level":1},{"id":"6287797928543@s.whatsapp.net","xp":0,"level":1},{"id":"6282289838776@s.whatsapp.net","xp":0,"level":1},{"id":"628994281972@s.whatsapp.net","xp":0,"level":1},{"id":"6281389048252@s.whatsapp.net","xp":0,"level":1},{"id":"557996096237@s.whatsapp.net","xp":0,"level":1},{"id":"6285770017326@s.whatsapp.net","xp":0,"level":1},{"id":"6283139359112@s.whatsapp.net","xp":0,"level":1},{"id":"6285721534152@s.whatsapp.net","xp":0,"level":1},{"id":"6285781263569@s.whatsapp.net","xp":0,"level":1},{"id":"6285719372258@s.whatsapp.net","xp":0,"level":1},{"id":"6283897011555@s.whatsapp.net","xp":0,"level":1},{"id":"628891766489@s.whatsapp.net","xp":0,"level":1},{"id":"6283180341451@s.whatsapp.net","xp":0,"level":1},{"id":"60195528159@s.whatsapp.net","xp":0,"level":1},{"id":"6285743780860@s.whatsapp.net","xp":0,"level":1},{"id":"601127817622@s.whatsapp.net","xp":0,"level":1},{"id":"6288218472829@s.whatsapp.net","xp":0,"level":1},{"id":"6283178531207@s.whatsapp.net","xp":0,"level":1},{"id":"6289644987788@s.whatsapp.net","xp":0,"level":1},{"id":"6285979221076@s.whatsapp.net","xp":0,"level":1},{"id":"6288806230686@s.whatsapp.net","xp":0,"level":1},{"id":"6288990822782@s.whatsapp.net","xp":0,"level":1},{"id":"6283142242334@s.whatsapp.net","xp":0,"level":1},{"id":"6287804043251@s.whatsapp.net","xp":0,"level":1},{"id":"6288291489379@s.whatsapp.net","xp":0,"level":1},{"id":"6283878397364@s.whatsapp.net","xp":0,"level":1},{"id":"6285828103732@s.whatsapp.net","xp":0,"level":1},{"id":"6289525144710@s.whatsapp.net","xp":0,"level":1},{"id":"6285298092436@s.whatsapp.net","xp":0,"level":1},{"id":"6289525810934@s.whatsapp.net","xp":0,"level":1},{"id":"6283135773478@s.whatsapp.net","xp":0,"level":1},{"id":"6285707400762@s.whatsapp.net","xp":0,"level":1},{"id":"62895360586615@s.whatsapp.net","xp":0,"level":1},{"id":"6281393189513@s.whatsapp.net","xp":0,"level":1},{"id":"62895711153030@s.whatsapp.net","xp":0,"level":1},{"id":"16185898910@s.whatsapp.net","xp":0,"level":1},{"id":"6289639600216@s.whatsapp.net","xp":0,"level":1},{"id":"919786690339@s.whatsapp.net","xp":0,"level":1},{"id":"6282296325960@s.whatsapp.net","xp":0,"level":1},{"id":"62895605441272@s.whatsapp.net","xp":0,"level":1},{"id":"6281220670449@s.whatsapp.net","xp":0,"level":1},{"id":"6289601131687@s.whatsapp.net","xp":0,"level":1},{"id":"6285846635798@s.whatsapp.net","xp":0,"level":1},{"id":"6285226629295@s.whatsapp.net","xp":0,"level":1},{"id":"6283846681370@s.whatsapp.net","xp":0,"level":1},{"id":"62895340972894@s.whatsapp.net","xp":0,"level":1},{"id":"6281938835391@s.whatsapp.net","xp":0,"level":1},{"id":"6285815700875@s.whatsapp.net","xp":0,"level":1},{"id":"6281930288694@s.whatsapp.net","xp":0,"level":1},{"id":"6285373967873@s.whatsapp.net","xp":0,"level":1},{"id":"62895386835801@s.whatsapp.net","xp":0,"level":1},{"id":"62858593456445@s.whatsapp.net","xp":0,"level":1},{"id":"6282192650950@s.whatsapp.net","xp":0,"level":1},{"id":"6282175061817@s.whatsapp.net","xp":0,"level":1},{"id":"6281256680435@s.whatsapp.net","xp":0,"level":1},{"id":"6282192206137@s.whatsapp.net","xp":0,"level":1},{"id":"6285161879948@s.whatsapp.net","xp":0,"level":1},{"id":"62895355232626@s.whatsapp.net","xp":0,"level":1},{"id":"6282180235364@s.whatsapp.net","xp":0,"level":1},{"id":"6287881310165@s.whatsapp.net","xp":0,"level":1},{"id":"6282184358502@s.whatsapp.net","xp":0,"level":1},{"id":"6283137174930@s.whatsapp.net","xp":0,"level":1},{"id":"6285893123964@s.whatsapp.net","xp":0,"level":1},{"id":"6281226331660@s.whatsapp.net","xp":0,"level":1},{"id":"6283177156151@s.whatsapp.net","xp":0,"level":1},{"id":"6282325276395@s.whatsapp.net","xp":0,"level":1},{"id":"6285329711060@s.whatsapp.net","xp":0,"level":1},{"id":"6283803583611@s.whatsapp.net","xp":0,"level":1},{"id":"6281259365303@s.whatsapp.net","xp":0,"level":1},{"id":"6281233538062@s.whatsapp.net","xp":0,"level":1},{"id":"6283879978437@s.whatsapp.net","xp":0,"level":1},{"id":"6287710413331@s.whatsapp.net","xp":0,"level":1},{"id":"6285359633554@s.whatsapp.net","xp":0,"level":1},{"id":"6285658641342@s.whatsapp.net","xp":0,"level":1},{"id":"628977554889@s.whatsapp.net","xp":0,"level":1},{"id":"6281999047876@s.whatsapp.net","xp":0,"level":1},{"id":"6282348204319@s.whatsapp.net","xp":0,"level":1},{"id":"6283879783965@s.whatsapp.net","xp":0,"level":1},{"id":"6281217779427@s.whatsapp.net","xp":0,"level":1},{"id":"6282211311298@s.whatsapp.net","xp":0,"level":1},{"id":"6283819342767@s.whatsapp.net","xp":0,"level":1},{"id":"6283818744065@s.whatsapp.net","xp":0,"level":1},{"id":"6285641229662@s.whatsapp.net","xp":0,"level":1},{"id":"628883967869@s.whatsapp.net","xp":0,"level":1},{"id":"6281459123776@s.whatsapp.net","xp":0,"level":1},{"id":"62895383530503@s.whatsapp.net","xp":0,"level":1},{"id":"6285792829497@s.whatsapp.net","xp":0,"level":1},{"id":"6289513352132@s.whatsapp.net","xp":0,"level":1},{"id":"6285624553262@s.whatsapp.net","xp":0,"level":1},{"id":"6285641753665@s.whatsapp.net","xp":0,"level":1},{"id":"6287879580985@s.whatsapp.net","xp":0,"level":1},{"id":"6289525948432@s.whatsapp.net","xp":0,"level":1},{"id":"6285695163931@s.whatsapp.net","xp":0,"level":1},{"id":"6289653151096@s.whatsapp.net","xp":0,"level":1},{"id":"6285772593378@s.whatsapp.net","xp":0,"level":1},{"id":"6288215463787@s.whatsapp.net","xp":0,"level":1},{"id":"6282233060608@s.whatsapp.net","xp":0,"level":1},{"id":"6285658674308@s.whatsapp.net","xp":0,"level":1},{"id":"6282292838634@s.whatsapp.net","xp":0,"level":1},{"id":"6281315894554@s.whatsapp.net","xp":0,"level":1},{"id":"6282381601942@s.whatsapp.net","xp":0,"level":1},{"id":"6285767213435@s.whatsapp.net","xp":0,"level":1},{"id":"6282376851076@s.whatsapp.net","xp":0,"level":1},{"id":"6287756773969@s.whatsapp.net","xp":0,"level":1},{"id":"6285852089071@s.whatsapp.net","xp":0,"level":1},{"id":"6283196916819@s.whatsapp.net","xp":0,"level":1},{"id":"6282311770125@s.whatsapp.net","xp":0,"level":1},{"id":"6285742885105@s.whatsapp.net","xp":0,"level":1},{"id":"6288299306920@s.whatsapp.net","xp":0,"level":1},{"id":"628881644035@s.whatsapp.net","xp":0,"level":1},{"id":"6285809940001@s.whatsapp.net","xp":0,"level":1},{"id":"6289678038455@s.whatsapp.net","xp":0,"level":1},{"id":"6285755345527@s.whatsapp.net","xp":0,"level":1},{"id":"6283160752087@s.whatsapp.net","xp":0,"level":1},{"id":"6289522566461@s.whatsapp.net","xp":0,"level":1},{"id":"6285880566713@s.whatsapp.net","xp":0,"level":1},{"id":"6289507580557@s.whatsapp.net","xp":0,"level":1},{"id":"6289616993294@s.whatsapp.net","xp":0,"level":1},{"id":"6283100604625@s.whatsapp.net","xp":0,"level":1},{"id":"6281268551861@s.whatsapp.net","xp":0,"level":1},{"id":"6287824267586@s.whatsapp.net","xp":0,"level":1},{"id":"6285330905499@s.whatsapp.net","xp":0,"level":1},{"id":"6287877391640@s.whatsapp.net","xp":0,"level":1},{"id":"6283867331105@s.whatsapp.net","xp":0,"level":1}]